facility_ID,facility_name,operator_code,operator,lat,lon,required_surveys_aircraft,required_surveys_OGI,required_surveys_M21,OGI_time,M21_time,aircraft_time,OGI_FU_time
ABBT0030001,Morgan Abee Group #2                ,A68P,Canlin Resources Partnership              ,54.3140984,-113.2539978,5,0,0,120,240,10,120
ABBT0040045,Pci Brazeau River Condensate 4-31   ,A74Y,Tidewater Midstream and Infrastructure Ltd.,53.1795998,-115.7539978,5,0,0,120,240,10,120
ABBT0040062,Niton 08-23-055-11w5 Oswb           ,A5YK,Velvet Energy Ltd.                        ,53.7649002,-115.5159988,5,0,0,120,240,10,120
ABBT0040075,Amax Sinclair 16-18                 ,A6YC,Shield Energy Ltd.                        ,55.3288002,-119.8239975,5,0,0,120,240,10,120
ABBT0040115,Mobil Niton 6-19                    ,A2TG,TAQA North Ltd.                           ,53.6773987,-115.6139984,5,0,0,120,240,10,120
ABBT0040141,Cnw Swan Hills 16-27                ,A2J6,Crescent Point Energy Corp.               ,54.8377991,-115.5810013,5,0,0,120,240,10,120
ABBT0040147,Reber Valhalla 16-09                ,0ME3,Reber Exploration Ltd.                    ,55.4886017,-119.3219986,5,0,0,120,240,10,120
ABBT0040161,Brec Svstar Cygnet 14-23            ,A0L1,Vesta Energy Ltd.                         ,52.3745995,-113.9300003,5,0,0,120,240,10,120
ABBT0040185,Fairborne Brazeau River 6-27        ,A73X,Boulder Energy Ltd.                       ,53.081501,-115.9670029,5,0,0,120,240,10,120
ABBT0040188,Pci Gilby 04-34                     ,A68P,Canlin Resources Partnership              ,52.5686989,-114.5019989,5,0,0,120,240,10,120
ABBT0040195,Phillips Salter 4-36                ,A68P,Canlin Resources Partnership              ,51.2579994,-114.9990005,5,0,0,120,240,10,120
ABBT0040208,Cnd 88 Energy Cygnet 4-34           ,A6L2,Canadian Oil & Gas International Inc.     ,52.2182999,-113.9300003,5,0,0,120,240,10,120
ABBT0040217,Pedco Pembina 10-27                 ,0BP8,Obsidian Energy Ltd.                      ,52.9986992,-115.0739975,5,0,0,120,240,10,120
ABBT0040218,Pedco Pembina 2-27                  ,0BP8,Obsidian Energy Ltd.                      ,52.9915009,-115.0739975,5,0,0,120,240,10,120
ABBT0040222,Poco Threehick 8-32                 ,A7PA,Vantage Point Resources Inc.              ,52.0429993,-113.6740036,5,0,0,120,240,10,120
ABBT0040237,Imperial Northville Slugcatcher 6-3 ,A5RA,Clearview Resources Ltd.                  ,53.3722,-115.3929977,5,0,0,120,240,10,120
ABBT0040248,Halvar Wainwright 16-13             ,0HE4,Unit 18 Corp.                             ,52.8852005,-110.7330017,5,0,0,120,240,10,120
ABBT0040272,Brec Joffre 8-7                     ,A0L1,Vesta Energy Ltd.                         ,52.4249001,-113.8710022,5,0,0,120,240,10,120
ABBT0040290,Wincan Willgr 6-23                  ,0ZK3,Hard Rock Resources Ltd.                  ,52.4557991,-114.9039993,5,0,0,120,240,10,120
ABBT0040292,G.a. Oils Alderson 8-27-26-11       ,A7JT,Regnum Energy Ltd.                        ,50.3736,-111.4280014,5,0,0,120,240,10,120
ABBT0040297,Brazeau River 16-35 Battery 'c'     ,0BP8,Obsidian Energy Ltd.                      ,53.1904984,-115.6380005,5,0,0,120,240,10,120
ABBT0040298,Brazeau River 16-35 Battery 'b'     ,0BP8,Obsidian Energy Ltd.                      ,53.1904984,-115.6380005,5,0,0,120,240,10,120
ABBT0040302,Amoco Ricinus 1-36 Gas Facility     ,0AW4,Paramount Resources Ltd.                  ,51.8694992,-114.9970016,5,0,0,120,240,10,120
ABBT0040339,Orbit Wilson Crk 14-7               ,A2TG,TAQA North Ltd.                           ,52.6964989,-114.5719986,5,0,0,120,240,10,120
ABBT0040351,Poco Killam 6-30                    ,0MP9,Zargon Oil & Gas Ltd.                     ,52.5559998,-112.0110016,5,0,0,120,240,10,120
ABBT0040357,Northstar Crossfield 16-21          ,A5RX,Bonavista Energy Corporation              ,51.4146996,-114.2160034,5,0,0,120,240,10,120
ABBT0040359,Worsley 14-28-087-07w6              ,0HE9,Canadian Natural Resources Limited        ,56.5792007,-119.0550003,5,0,0,120,240,10,120
ABBT0040381,Amoco Hb Pembina 16-31              ,0BP8,Obsidian Energy Ltd.                      ,53.2778015,-115.2969971,5,0,0,120,240,10,120
ABBT0040392,Brec Svstr Penhold 7-20             ,A2TG,TAQA North Ltd.                           ,52.0903015,-113.8410034,5,0,0,120,240,10,120
ABBT0040405,Amerada Ferrier Bty No. 5 10-7      ,A68P,Canlin Resources Partnership              ,52.5177002,-115.1380005,5,0,0,120,240,10,120
ABBT0040407,Solex Bonanza Gas Plant 11-22       ,A5Y4,Shoreline Energy Corp.                    ,56.037899,-119.6350021,5,0,0,120,240,10,120
ABBT0040446,Novalta Bassano 16-18               ,A7AG,Lynx Energy ULC                           ,50.7887993,-112.7539978,5,0,0,120,240,10,120
ABBT0040461,Pprl High Prairie 8-7               ,0BP8,Obsidian Energy Ltd.                      ,55.3073006,-116.4410019,5,0,0,120,240,10,120
ABBT0040470,Imperial Pembina 11-11              ,A5BE,Whitecap Resources Inc.                   ,53.303299,-115.5039978,5,0,0,120,240,10,120
ABBT0040477,Crestar Sutton 10-18                ,A7LX,Direct Oil & Gas Inc.                     ,56.9828987,-118.3059998,5,0,0,120,240,10,120
ABBT0040479,Ksituan 03-23-078-10w6              ,0HE9,Canadian Natural Resources Limited        ,55.7686005,-119.4380035,5,0,0,120,240,10,120
ABBT0040502,Crestar Gilby 13-6-40-2             ,0TM9,NAL Resources Limited                     ,52.4196014,-114.2870026,5,0,0,120,240,10,120
ABBT0040506,Husky Nipisi 2-20                   ,A6FW,Vermilion Energy Inc.                     ,56.0307999,-115.2109985,5,0,0,120,240,10,120
ABBT0040518,Cdn Oxy Pembina Bty 5-35            ,0XZ4,Bonterra Energy Corp.                     ,53.1833,-114.4860001,5,0,0,120,240,10,120
ABBT0040524,Canterra Provost 6d-10              ,A5TT,Tamarack Acquisition Corp.                ,51.9883995,-110.9240036,5,0,0,120,240,10,120
ABBT0040557,Lomapete Chauvs 1-10                ,A6A7,Cardinal Energy Ltd.                      ,52.6850014,-110.1999969,5,0,0,120,240,10,120
ABBT0040563,Ulster Provost 5b-14                ,0YK4,Surge Energy Inc.                         ,52.1776009,-110.6210022,5,0,0,120,240,10,120
ABBT0040574,Dynalta Taber N                     ,A09L,Enerstar Petroleum Corp.                  ,49.8530998,-112.197998,5,0,0,120,240,10,120
ABBT0040620,Signalta Viking-Kinsella 13-16      ,A73W,Enercapita Energy Ltd.                    ,53.1450005,-111.8539963,5,0,0,120,240,10,120
ABBT0040647,Fairborne Brazeau R 02-11           ,A73X,Boulder Energy Ltd.                       ,53.0341988,-116.0830002,5,0,0,120,240,10,120
ABBT0040658,Gne Cygnet 14-27                    ,A6L2,Canadian Oil & Gas International Inc.     ,52.2145996,-113.9240036,5,0,0,120,240,10,120
ABBT0040660,Petroman Fir 13-23                  ,A5RX,Bonavista Energy Corporation              ,54.0337982,-117.0210037,5,0,0,120,240,10,120
ABBT0040667,Pedco Pembina 12-23                 ,0BP8,Obsidian Energy Ltd.                      ,52.9840012,-115.0619965,5,0,0,120,240,10,120
ABBT0040681,Pcp Wayne 14-16                     ,A7NW,Torxen Energy Ltd.                        ,51.3125,-112.6210022,5,0,0,120,240,10,120
ABBT0040714,Morrison Retlaw 1-25                ,A16L,Wolf Coulee Resources Inc.                ,50.0206985,-112.3280029,5,0,0,120,240,10,120
ABBT0040715,Questar Berry 4-30                  ,0HE9,Canadian Natural Resources Limited        ,51.3306999,-111.5490036,5,0,0,120,240,10,120
ABBT0040769,Orlen Lochend 14-12-029-04w5        ,A2DE,ORLEN Upstream Canada Ltd.                ,51.4729004,-114.4380035,5,0,0,120,240,10,120
ABBT0040774,Craigmyle Belly River Bty 13-5      ,A5EB,Marquee Energy Ltd.                       ,51.7198982,-112.3880005,5,0,0,120,240,10,120
ABBT0040796,Pcp Wilson Creek 8-31               ,A727,Sifton Petroleum Inc.                     ,52.6595001,-114.5569992,5,0,0,120,240,10,120
ABBT0040812,Ryerson Bloor 10-25                 ,A7H2,AlphaBow Energy Ltd.                      ,51.8618011,-111.572998,5,0,0,120,240,10,120
ABBT0040844,Culp 05-34-078-25w5                 ,0HE9,Canadian Natural Resources Limited        ,55.8013992,-117.8000031,5,0,0,120,240,10,120
ABBT0040865,Chauvin 09-10-043-02 W4             ,39,Repsol Oil & Gas Canada Inc.              ,52.6921997,-110.1999969,5,0,0,120,240,10,120
ABBT0040870,Brazeau River 10-23-48-14w5         ,A5D4,Cenovus Energy Inc.                       ,53.1577988,-115.9369965,5,0,0,120,240,10,120
ABBT0040872,Corexcana Shadow 9-25 Bty #1        ,0BP8,Obsidian Energy Ltd.                      ,55.4420013,-116.7740021,5,0,0,120,240,10,120
ABBT0040876,Tripet Will Gr. 14-13               ,0BP8,Obsidian Energy Ltd.                      ,52.5359001,-114.7360001,5,0,0,120,240,10,120
ABBT0040916,Lomalta Cessford 8-31               ,A2PH,Journey Energy Inc.                       ,50.9995995,-111.7990036,5,0,0,120,240,10,120
ABBT0040919,Gex Medicine Hat 8-15               ,0BE8,GEX Resources Ltd.                        ,50.4319992,-110.3280029,5,0,0,120,240,10,120
ABBT0040920,Opinac Willesden Green 7-13         ,A2TG,TAQA North Ltd.                           ,52.5287018,-114.8740005,5,0,0,120,240,10,120
ABBT0040924,Hillcrest Narrows 6-33-75-12        ,A2PZ,KinMerc Oil & Gas Inc.                    ,55.5396004,-115.8030014,5,0,0,120,240,10,120
ABBT0040936,Vermilion Utikuma 8-15-81-10        ,A6FW,Vermilion Energy Inc.                     ,56.0199013,-115.4660034,5,0,0,120,240,10,120
ABBT0040978,Morrison Glen Park 8-18             ,A68P,Canlin Resources Partnership              ,53.1397018,-113.7839966,5,0,0,120,240,10,120
ABBT0040986,Pembina 2-13-48-2w5                 ,A632,Petrus Resources Corp.                    ,53.1358986,-114.1569977,5,0,0,120,240,10,120
ABBT0040992,Capco Provost 1a-15                 ,0YK4,Surge Energy Inc.                         ,52.1739998,-110.6269989,5,0,0,120,240,10,120
ABBT0041006,Auburndale Gas 11-32                ,0R46,Husky Oil Operations Limited              ,53.012001,-110.8410034,5,0,0,120,240,10,120
ABBT0041009,Pcp Wilson Ck 10-3                  ,A727,Sifton Petroleum Inc.                     ,52.678299,-114.4940033,5,0,0,120,240,10,120
ABBT0041016,Gilby 11-24-40-3w5                  ,A5D4,Cenovus Energy Inc.                       ,52.4594994,-114.3050003,5,0,0,120,240,10,120
ABBT0041021,Long Coulee 06-23-015-22w4          ,0HE9,Canadian Natural Resources Limited        ,50.2719002,-112.9280014,5,0,0,120,240,10,120
ABBT0041033,Marten Hills 06-07-078-01w5         ,0HE9,Canadian Natural Resources Limited        ,55.743,-114.1470032,5,0,0,120,240,10,120
ABBT0041041,Strath Provost 15c-23               ,0T82,Prairie Provident Resources Canada Ltd.   ,52.1994019,-110.4660034,5,0,0,120,240,10,120
ABBT0041044,Cabre Nipisi 2-25                   ,A5MT,Summerland Energy Inc.                    ,55.7831993,-115.0979996,5,0,0,120,240,10,120
ABBT0041045,Cabre Loon 4-34                     ,A5MT,Summerland Energy Inc.                    ,56.3209991,-115.3420029,5,0,0,120,240,10,120
ABBT0041054,Ksituan 08-32-078-09w6              ,0HE9,Canadian Natural Resources Limited        ,55.8013,-119.3479996,5,0,0,120,240,10,120
ABBT0041056,Pointer Michichi 6-10               ,A5EB,Marquee Energy Ltd.                       ,51.5525017,-112.4580002,5,0,0,120,240,10,120
ABBT0041070,Cdn Hunter Karr 16-36               ,0HE9,Canadian Natural Resources Limited        ,54.6741982,-118.4570007,5,0,0,120,240,10,120
ABBT0041078,Brazeau River 02-09-46-13w5         ,A5D4,Cenovus Energy Inc.                       ,52.9471016,-115.8239975,5,0,0,120,240,10,120
ABBT0041085,Josephine 06-30-081-10w6            ,0HE9,Canadian Natural Resources Limited        ,56.0489006,-119.5569992,5,0,0,120,240,10,120
ABBT0041124,Altex Gadsby 8-28                   ,A5R5,Pengrowth Energy Corporation              ,52.2066002,-112.651001,5,0,0,120,240,10,120
ABBT0041130,Poco Leahurst 14-27                 ,0R89,Signalta Resources Limited                ,52.4758987,-112.5149994,5,0,0,120,240,10,120
ABBT0041168,Ksituan 07-22-078-09w6              ,0HE9,Canadian Natural Resources Limited        ,55.7722015,-119.3030014,5,0,0,120,240,10,120
ABBT0041175,Cdn Oxy Heldar 11-17                ,A662,Point Loma Resources Ltd.                 ,54.0152016,-114.8610001,5,0,0,120,240,10,120
ABBT0041176,Pex Gilby 10-29                     ,A2PH,Journey Energy Inc.                       ,52.5614014,-114.3939972,5,0,0,120,240,10,120
ABBT0041182,Nco Whitecourt 02-03                ,A5RD,Enerplus Corporation                      ,54.2415009,-115.560997,5,0,0,120,240,10,120
ABBT0041184,Pengrowth Provost 14-19             ,A60R,Caltex Resources Ltd.                     ,52.1992989,-110.1389999,5,0,0,120,240,10,120
ABBT0041194,Sceptre Gilby 2-35 Bty              ,0TM9,NAL Resources Limited                     ,52.4813995,-114.1790009,5,0,0,120,240,10,120
ABBT0041198,Pcp Countess Bty #8 3-25            ,A7NW,Torxen Energy Ltd.                        ,50.6320992,-112.2350006,5,0,0,120,240,10,120
ABBT0041254,Dekalb Nelson 16-32                 ,A7H2,AlphaBow Energy Ltd.                      ,52.7542,-113.7320023,5,0,0,120,240,10,120
ABBT0041259,Norcen Ferrybank 4-25               ,A628,Tori Resources Inc.                       ,52.7289009,-113.9430008,5,0,0,120,240,10,120
ABBT0041260,Norcen Ferrybank 6-25               ,A628,Tori Resources Inc.                       ,52.7324982,-113.9369965,5,0,0,120,240,10,120
ABBT0041261,Norcen Ferrybank 12-25              ,A628,Tori Resources Inc.                       ,52.7361984,-113.9430008,5,0,0,120,240,10,120
ABBT0041270,Anderson Wildmere 7-2               ,0K29,Devon Canada Corporation                  ,53.1960983,-110.7699966,5,0,0,120,240,10,120
ABBT0041294,Remington Grand Forks 15-26         ,0CZ4,New North Resources Ltd.                  ,49.9444008,-111.8099976,5,0,0,120,240,10,120
ABBT0041298,Crestar Sylvan Lake 8-6             ,0TM9,NAL Resources Limited                     ,52.1352997,-114.2549973,5,0,0,120,240,10,120
ABBT0041304,Pedco Pembina 8-34                  ,0BP8,Obsidian Energy Ltd.                      ,53.0094986,-115.0680008,5,0,0,120,240,10,120
ABBT0041308,Big Meadow 10-12-062-06w4 Gas Bty   ,A2JR,Gear Energy Ltd.                          ,54.3497009,-110.7649994,5,0,0,120,240,10,120
ABBT0041310,Nel Ansell 7-27                     ,0R46,Husky Oil Operations Limited              ,53.4303017,-116.7129974,5,0,0,120,240,10,120
ABBT0041371,Ammin Pcp Adams 16-5                ,A5TC,Questfire Energy Corp.                    ,55.1251984,-115.1839981,5,0,0,120,240,10,120
ABBT0041377,Pcp Pembina 4-1                     ,A2PH,Journey Energy Inc.                       ,53.0195999,-114.1689987,5,0,0,120,240,10,120
ABBT0041385,Zargon Twining 08-08                ,A7G6,Hadeed Resources Inc.                     ,51.7271004,-113.3619995,5,0,0,120,240,10,120
ABBT0041403,Tripet Willgr 8-13                  ,0BP8,Obsidian Energy Ltd.                      ,52.5287018,-114.723999,5,0,0,120,240,10,120
ABBT0041420,Pcp Strathmore Bty #1               ,A2LN,Anterra Energy Inc.                       ,50.8907013,-113.401001,5,0,0,120,240,10,120
ABBT0041433,Colin Pembina 06-01                 ,0BP8,Obsidian Energy Ltd.                      ,53.0233994,-115.3330002,5,0,0,120,240,10,120
ABBT0041438,Colgas Cranberry 7-24               ,0K29,Devon Canada Corporation                  ,57.3426018,-118.3359985,5,0,0,120,240,10,120
ABBT0041442,Cabre Cygnet 6-17                   ,0TM9,NAL Resources Limited                     ,52.266201,-113.9720001,5,0,0,120,240,10,120
ABBT0041443,Atcor Pembina 16-16                 ,A5BE,Whitecap Resources Inc.                   ,53.0597,-114.663002,5,0,0,120,240,10,120
ABBT0041477,Greencourt 09-26-059-09w5           ,0HE9,Canadian Natural Resources Limited        ,54.1323013,-115.2300034,5,0,0,120,240,10,120
ABBT0041497,Brevia Redwater Battery #5          ,A6N5,Ohana Resources Inc.                      ,53.9435005,-113.0599976,5,0,0,120,240,10,120
ABBT0041533,Colin Kidney 7-19                   ,A6AG,Crimson Oil & Gas Ltd.                    ,56.9938011,-114.9509964,5,0,0,120,240,10,120
ABBT0041551,Unocal Cessford 16-2                ,A50K,Success Resources Ltd.                    ,51.2832985,-111.8600006,5,0,0,120,240,10,120
ABBT0041555,Apl Niton 8-10-55-11                ,A2PH,Journey Energy Inc.                       ,53.7356987,-115.5410004,5,0,0,120,240,10,120
ABBT0041564,Select Garr 6-28                    ,A5BE,Whitecap Resources Inc.                   ,51.9462013,-114.3710022,5,0,0,120,240,10,120
ABBT0041567,Strath Provost 11-27                ,0T82,Prairie Provident Resources Canada Ltd.   ,52.2103996,-110.4960022,5,0,0,120,240,10,120
ABBT0041601,Dantel Pembina 6-20                 ,A73C,Baccalieu Energy Inc.                     ,52.8931007,-115.1279984,5,0,0,120,240,10,120
ABBT0041610,Ferrybank 8-36-42-28w4              ,0Z5F,Sequoia Resources Corp.                   ,52.6577988,-113.8939972,5,0,0,120,240,10,120
ABBT0041628,Fgpc Med R. 02-04                   ,A7J4,Certus Oil And Gas Inc.                   ,52.3210983,-114.3700027,5,0,0,120,240,10,120
ABBT0041629,Pinnacle Provost 15d-23             ,0YK4,Surge Energy Inc.                         ,52.1992989,-110.6090012,5,0,0,120,240,10,120
ABBT0041649,Signalta Mitsue 13-20               ,A73W,Enercapita Energy Ltd.                    ,55.3431015,-114.7429962,5,0,0,120,240,10,120
ABBT0041697,City Of Med H Medhat 15-7           ,A5RD,Enerplus Corporation                      ,50.0750999,-110.6729965,5,0,0,120,240,10,120
ABBT0041702,Ralston 5-14 05-14-018-10w4         ,0HE9,Canadian Natural Resources Limited        ,50.5192986,-111.2850037,5,0,0,120,240,10,120
ABBT0041712,Renaissance Rumsey 16-26            ,A663,Trident Exploration (Alberta) Corp.       ,51.8655014,-112.8659973,5,0,0,120,240,10,120
ABBT0041716,Opinac Byemoor 3-32                 ,A2J6,Crescent Point Energy Corp.               ,51.9564018,-112.5240021,5,0,0,120,240,10,120
ABBT0041718,Kakut Galleon 14-12 Central Bty     ,A517,Long Run Exploration Ltd.                 ,55.4886017,-118.3270035,5,0,0,120,240,10,120
ABBT0041731,Fgpc Cecil 14-32                    ,0Z0H,Harvest Operations Corp.                  ,56.2454987,-119.0719986,5,0,0,120,240,10,120
ABBT0041747,Mobil Mcleod Valley Ggs             ,A5D4,Cenovus Energy Inc.                       ,53.7794991,-115.9680023,5,0,0,120,240,10,120
ABBT0041760,Circ Sprngco 4-34                   ,0E9R,Convega Energy Ltd.                       ,49.3358002,-113.0289993,5,0,0,120,240,10,120
ABBT0041788,Union Pacific Ferrybank 12-17       ,0Z5F,Sequoia Resources Corp.                   ,52.7070999,-113.8949966,5,0,0,120,240,10,120
ABBT0041815,Northstar Robin 1-31                ,A7AZ,SanLing Energy Ltd.                       ,50.1226006,-112.7149963,5,0,0,120,240,10,120
ABBT0041818,Bp Willesden Green 06-10            ,0LN7,Yangarra Resources Corp.                  ,52.2517014,-114.6350021,5,0,0,120,240,10,120
ABBT0041833,Husky Frog Lake Bty #1 01-23        ,A7H7,West Lake Energy Corp.                    ,53.8478012,-110.3300018,5,0,0,120,240,10,120
ABBT0041876,Co-Enerco Niton 07-12               ,A5D4,Cenovus Energy Inc.                       ,53.7355995,-115.6460037,5,0,0,120,240,10,120
ABBT0041891,Cirque Cessford 08-34               ,A6BY,Venturion Oil Limited                     ,51.0868988,-111.7289963,5,0,0,120,240,10,120
ABBT0041893,Pcp Wilson Creek 14-31              ,A727,Sifton Petroleum Inc.                     ,52.6669998,-114.5690002,5,0,0,120,240,10,120
ABBT0041905,Kerr Mcgee Bonnie Glen 09-02        ,A76W,Longshore Resources Ltd.                  ,53.0269012,-113.9789963,5,0,0,120,240,10,120
ABBT0041909,Kelt Pouce Coupe 8-33               ,A6D7,Kelt Exploration Ltd.                     ,55.9761009,-119.8050003,5,0,0,120,240,10,120
ABBT0041971,Amax Minhik 01-29                   ,0HE9,Canadian Natural Resources Limited        ,52.7293015,-114.5360031,5,0,0,120,240,10,120
ABBT0041981,Unex Sylvan Lake 06-07              ,0TM9,NAL Resources Limited                     ,52.1643982,-114.4209976,5,0,0,120,240,10,120
ABBT0041990,D Energy Oyen 08-04                 ,A68P,Canlin Resources Partnership              ,51.4508018,-110.6409988,5,0,0,120,240,10,120
ABBT0041993,Pcp Wilson Creek 06-31              ,A727,Sifton Petroleum Inc.                     ,52.6595001,-114.5690002,5,0,0,120,240,10,120
ABBT0042011,Garrington 14-21-37-6w5             ,A5D4,Cenovus Energy Inc.                       ,52.2008018,-114.802002,5,0,0,120,240,10,120
ABBT0042041,Ferrybank 07-26-43-28w4 Multi Gas   ,0Z5F,Sequoia Resources Corp.                   ,52.7326012,-113.9550018,5,0,0,120,240,10,120
ABBT0042052,Brinkerhoff Pakowki 13-16           ,A6D5,LGX Oil + Gas Inc.                        ,49.3903008,-110.9000015,5,0,0,120,240,10,120
ABBT0042087,Deep Valley 10-30-062-24w5          ,0HE9,Canadian Natural Resources Limited        ,54.3941002,-117.5859985,5,0,0,120,240,10,120
ABBT0042089,Petrodyne Ferrybank 7-22            ,0TM9,NAL Resources Limited                     ,52.7179985,-113.9789963,5,0,0,120,240,10,120
ABBT0042093,Nul Greencourt 04-20                ,A662,Point Loma Resources Ltd.                 ,53.9828987,-115.2929993,5,0,0,120,240,10,120
ABBT0042122,Ranger Claresholm 15-36             ,0HE9,Canadian Natural Resources Limited        ,50.0465012,-113.5579987,5,0,0,120,240,10,120
ABBT0042129,Aztec Banrty 8-35                   ,A5RD,Enerplus Corporation                      ,50.6502991,-111.836998,5,0,0,120,240,10,120
ABBT0042151,Enron S. Kaybob 6-15                ,0HE9,Canadian Natural Resources Limited        ,54.0996017,-116.6169968,5,0,0,120,240,10,120
ABBT0042152,Glen Isle Progress 12-31            ,A5BE,Whitecap Resources Inc.                   ,55.8050003,-119.3929977,5,0,0,120,240,10,120
ABBT0042173,Cometra Fourth 16-11                ,A562,Border Petroleum Limited                  ,56.0997009,-119.2829971,5,0,0,120,240,10,120
ABBT0042175,Poco Tomahawk 6-18                  ,0FC1,Adanac Oil & Gas Limited                  ,53.4887009,-114.8769989,5,0,0,120,240,10,120
ABBT0042177,Shell Simonette D1 Gas Btty         ,A7ME,Gain Energy Ltd.                          ,54.4233017,-117.7730026,5,0,0,120,240,10,120
ABBT0042250,Tristar Redwater 03-07-55-20w4      ,A6EF,Rally Canada Resources Ltd.               ,53.7326012,-112.9660034,5,0,0,120,240,10,120
ABBT0042256,Renaissance Provost 07-23           ,0YK4,Surge Energy Inc.                         ,52.1921005,-110.6090012,5,0,0,120,240,10,120
ABBT0042277,Canhunter Cheder Bty #3 6-16        ,A5D4,Cenovus Energy Inc.                       ,52.1791,-114.9449997,5,0,0,120,240,10,120
ABBT0042288,Hussar 10-20                        ,0R46,Husky Oil Operations Limited              ,51.1487999,-112.8970032,5,0,0,120,240,10,120
ABBT0042289,Cyn-Pem 10-31-50-11w5               ,0AY2,Joli Fou Petroleums Ltd                   ,53.3614998,-115.5950012,5,0,0,120,240,10,120
ABBT0042292,Wle Provost 04-05-38-03w4           ,A7H7,West Lake Energy Corp.                    ,52.2322998,-110.4069977,5,0,0,120,240,10,120
ABBT0042309,Mulligan 11-25-081-11w6             ,0HE9,Canadian Natural Resources Limited        ,56.0525017,-119.5830002,5,0,0,120,240,10,120
ABBT0042326,Cdn 88 Penhold 10-31                ,A6L2,Canadian Oil & Gas International Inc.     ,52.1375008,-113.8470001,5,0,0,120,240,10,120
ABBT0042334,Lpi Pembina 16-22                   ,A77B,HBC Energy Ltd.                           ,53.2486992,-114.3460007,5,0,0,120,240,10,120
ABBT0042354,Poco Tomahawk 16-2                  ,0FC1,Adanac Oil & Gas Limited                  ,53.4668999,-114.9140015,5,0,0,120,240,10,120
ABBT0042355,Reber Mirage 6-3 Bty                ,0ME3,Reber Exploration Ltd.                    ,55.8162003,-119.1650009,5,0,0,120,240,10,120
ABBT0042370,Fairborne Peco 07-01                ,A73X,Boulder Energy Ltd.                       ,53.0233002,-116.2050018,5,0,0,120,240,10,120
ABBT0042391,Gannon Ghost Pine 4-10              ,0L3H,Canyon Oil & Gas Corporation              ,51.7237015,-113.0490036,5,0,0,120,240,10,120
ABBT0042437,Hco Oyen 11-17                      ,A0A7,NuVista Energy Ltd.                       ,51.4835014,-110.6760025,5,0,0,120,240,10,120
ABBT0042452,Canhunter Pedigree 13-01            ,0HE9,Canadian Natural Resources Limited        ,57.7424011,-119.9929962,5,0,0,120,240,10,120
ABBT0042476,Hco Redwater  9-6                   ,A5TT,Tamarack Acquisition Corp.                ,53.8125,-112.8059998,5,0,0,120,240,10,120
ABBT0042477,Chauvco Ronalane 01-01              ,A7AZ,SanLing Energy Ltd.                       ,50.0499001,-111.6449966,5,0,0,120,240,10,120
ABBT0042493,Aec Jenner 6-23 Battery             ,A6A7,Cardinal Energy Ltd.                      ,50.7086983,-111.1500015,5,0,0,120,240,10,120
ABBT0042505,Cabre Joarcam 5-23                  ,A5RD,Enerplus Corporation                      ,53.2414017,-112.973999,5,0,0,120,240,10,120
ABBT0042516,Anderson Tangent 11-26              ,0HE9,Canadian Natural Resources Limited        ,55.9651985,-117.6449966,5,0,0,120,240,10,120
ABBT0042543,Pinnacle Wizard Lk 06-23            ,0R46,Husky Oil Operations Limited              ,53.1540985,-113.8450012,5,0,0,120,240,10,120
ABBT0042547,Morgan Tomahawk 14-30               ,0T82,Prairie Provident Resources Canada Ltd.   ,53.5250015,-114.8769989,5,0,0,120,240,10,120
ABBT0042558,Petrostar Pembina 12-34             ,0PP7,Shanpet Resources Ltd.                    ,53.1869011,-114.8030014,5,0,0,120,240,10,120
ABBT0042607,Wle Battlebend  05-20-40-10w4       ,A7H7,West Lake Energy Corp.                    ,52.4538994,-111.4169998,5,0,0,120,240,10,120
ABBT0042634,Colin Spirit R 14-25                ,A0TX,Grizzly Resources Ltd.                    ,55.7941017,-119.1019974,5,0,0,120,240,10,120
ABBT0042647,Perl Countess B 11-32               ,A2PH,Journey Energy Inc.                       ,50.7411995,-112.189003,5,0,0,120,240,10,120
ABBT0042664,Dynalta Provost 2-24                ,A7BT,Karve Energy Inc.                         ,52.2757988,-111.5849991,5,0,0,120,240,10,120
ABBT0042665,Dynalta Provost 8-24                ,A7BT,Karve Energy Inc.                         ,52.2793999,-111.5790024,5,0,0,120,240,10,120
ABBT0042673,Shaman Fenn Big Valley 15-22        ,A663,Trident Exploration (Alberta) Corp.       ,52.024601,-112.776001,5,0,0,120,240,10,120
ABBT0042723,Saskoil Valhalla 07-31              ,A76W,Longshore Resources Ltd.                  ,55.6268005,-119.2249985,5,0,0,120,240,10,120
ABBT0042733,Dynalta Taber N 10-26               ,A09L,Enerstar Petroleum Corp.                  ,49.8530998,-112.2030029,5,0,0,120,240,10,120
ABBT0042763,Gold-Wapiti 13-26-067-05w6          ,0HE9,Canadian Natural Resources Limited        ,55.0015984,-118.9440002,5,0,0,120,240,10,120
ABBT0042777,Progress 06-22-078-10w6             ,0HE9,Canadian Natural Resources Limited        ,55.7723007,-119.4639969,5,0,0,120,240,10,120
ABBT0042781,Norcen Westerose 6-29               ,0HE9,Canadian Natural Resources Limited        ,52.9071999,-114.1139984,5,0,0,120,240,10,120
ABBT0042839,Altana Caroline 07-03               ,A2TG,TAQA North Ltd.                           ,51.9752998,-114.7720032,5,0,0,120,240,10,120
ABBT0042840,Prism Colinton 13-11                ,A6FW,Vermilion Energy Inc.                     ,54.5271988,-112.9260025,5,0,0,120,240,10,120
ABBT0042849,Colin Spirit R 6-25                 ,A0TX,Grizzly Resources Ltd.                    ,55.7868004,-119.1019974,5,0,0,120,240,10,120
ABBT0042885,Anadarko Minnehik-Buck Lake 16-3    ,A5RA,Clearview Resources Ltd.                  ,52.7691994,-114.487999,5,0,0,120,240,10,120
ABBT0042888,Westcoast Crystal 09-06             ,A2PH,Journey Energy Inc.                       ,52.9401016,-114.4150009,5,0,0,120,240,10,120
ABBT0042906,Pcp Hussar 10-28                    ,A7NW,Torxen Energy Ltd.                        ,51.1633987,-112.5950012,5,0,0,120,240,10,120
ABBT0042944,Jenner 4-23 12-03-021-08w4          ,0HE9,Canadian Natural Resources Limited        ,50.7560997,-111.0400009,5,0,0,120,240,10,120
ABBT0042946,Norwest Moonshine 06-25             ,A2J6,Crescent Point Energy Corp.               ,54.1278,-110.0210037,5,0,0,120,240,10,120
ABBT0042948,Gulf Westerose 06-28                ,A5D4,Cenovus Energy Inc.                       ,52.8199005,-114.0889969,5,0,0,120,240,10,120
ABBT0042950,Atapco Worsley 03-32                ,A7LX,Direct Oil & Gas Inc.                     ,56.5828018,-118.4430008,5,0,0,120,240,10,120
ABBT0042990,Amoco Pine 14-24                    ,0AW4,Paramount Resources Ltd.                  ,53.8591995,-116.9899979,5,0,0,120,240,10,120
ABBT0043002,Soc Tomahawk 14-16                  ,A771,Insch Commodity Ltd.                      ,53.4958992,-114.8280029,5,0,0,120,240,10,120
ABBT0043034,Pinnacle Provost 16-24              ,0LE1,Canadian Coyote Energy Ltd.               ,52.2865982,-111.2939987,5,0,0,120,240,10,120
ABBT0043046,Rife Ferintosh 8-12                 ,0DZ7,Rife Resources Ltd.                       ,52.776001,-112.9100037,5,0,0,120,240,10,120
ABBT0043047,Mission Taber S 15-36               ,0MP9,Zargon Oil & Gas Ltd.                     ,49.6092987,-112.1809998,5,0,0,120,240,10,120
ABBT0043051,Amoco Alder 10-09                   ,A5D4,Cenovus Energy Inc.                       ,52.8675995,-115.0979996,5,0,0,120,240,10,120
ABBT0043054,Mobil Lloydminster 1-5              ,0HE9,Canadian Natural Resources Limited        ,53.3678017,-110.2549973,5,0,0,120,240,10,120
ABBT0043071,Cnrl Gordondale 11-19               ,0HE9,Canadian Natural Resources Limited        ,55.8633995,-119.7129974,5,0,0,120,240,10,120
ABBT0043077,Fcpi Provost 12a-21                 ,A7WF,Battle River Energy Ltd.                  ,52.0210991,-110.810997,5,0,0,120,240,10,120
ABBT0043092,Mbog Evi 11-17-87-11-W5 Swb         ,A79R,Mount Bastion Oil & Gas Corp.             ,56.5465012,-115.7200012,5,0,0,120,240,10,120
ABBT0043107,Pcp Enchant 07-12                   ,A6A7,Cardinal Energy Ltd.                      ,50.3300018,-112.0749969,5,0,0,120,240,10,120
ABBT0043129,Pcp Wayne-Rosedale 07-16            ,A7NW,Torxen Energy Ltd.                        ,51.3051987,-112.6149979,5,0,0,120,240,10,120
ABBT0043151,Fossil Enchant 03-07                ,A74H,Houston Oil & Gas Ltd.                    ,49.9770012,-112.0429993,5,0,0,120,240,10,120
ABBT0043186,Ranger Pritchard 10-13              ,A2J6,Crescent Point Energy Corp.               ,54.2769012,-110.0149994,5,0,0,120,240,10,120
ABBT0043197,Amoco Caroline 1-20                 ,0AW4,Paramount Resources Ltd.                  ,51.9277992,-114.5240021,5,0,0,120,240,10,120
ABBT0043218,Pachanga Bantry 14-20               ,0MM8,Prospect Oil & Gas Management Ltd.        ,50.5410004,-111.7600021,5,0,0,120,240,10,120
ABBT0043227,Murphy John Lake 6-12               ,0HE9,Canadian Natural Resources Limited        ,53.6478996,-110.0210037,5,0,0,120,240,10,120
ABBT0043229,Masters Long Coulee 16-7-15-22 Swb  ,A306,Thoroughbred Energy Ltd.                  ,50.2500992,-113.0090027,5,0,0,120,240,10,120
ABBT0043234,Gardiner Kaybob S 15-3              ,A5G3,ConocoPhillips Canada Resources Corp.     ,54.2523003,-116.7610016,5,0,0,120,240,10,120
ABBT0043304,Phillips Westrose South 11-21       ,A5D4,Cenovus Energy Inc.                       ,52.8088989,-114.0889969,5,0,0,120,240,10,120
ABBT0043346,Rife Taber 03-24                    ,A524,Strategic Oil & Gas Ltd.                  ,49.8314018,-112.0510025,5,0,0,120,240,10,120
ABBT0043371,Pcp Wilson Creek 16-31              ,A727,Sifton Petroleum Inc.                     ,52.6669998,-114.5569992,5,0,0,120,240,10,120
ABBT0043374,Vermilion Pembina 03-12             ,A6FW,Vermilion Energy Inc.                     ,53.2088013,-115.4789963,5,0,0,120,240,10,120
ABBT0043389,Pembina 16-23-48-2w5                ,A632,Petrus Resources Corp.                    ,53.1613998,-114.1760025,5,0,0,120,240,10,120
ABBT0043406,Co-Enerco Carrot Ck 10-09           ,A6FW,Vermilion Energy Inc.                     ,53.5648003,-115.8529968,5,0,0,120,240,10,120
ABBT0043439,Poco Pembina 06-28                  ,A5D4,Cenovus Energy Inc.                       ,53.2560997,-115.5530014,5,0,0,120,240,10,120
ABBT0043449,Devexco Swalwell 14-31              ,0NK3,Pocahontas Petroleum Ltd.                 ,51.5306015,-113.3720016,5,0,0,120,240,10,120
ABBT0043450,Ghostpine 14-20-032-22w4            ,0HE9,Canadian Natural Resources Limited        ,51.7635002,-113.0910034,5,0,0,120,240,10,120
ABBT0043459,Pcp Morningside 10-03               ,A5RX,Bonavista Energy Corporation              ,52.5896988,-113.947998,5,0,0,120,240,10,120
ABBT0043476,Cdn Ii Sylvan Lake 14-31            ,A5BE,Whitecap Resources Inc.                   ,52.142601,-114.4209976,5,0,0,120,240,10,120
ABBT0043509,Pcass Garrington 10-12              ,0TM9,NAL Resources Limited                     ,51.9861984,-114.302002,5,0,0,120,240,10,120
ABBT0043511,Pcp Countess 03-04                  ,A7NW,Torxen Energy Ltd.                        ,50.4866982,-112.012001,5,0,0,120,240,10,120
ABBT0043523,Brevia Redwater Battery #4          ,A6N5,Ohana Resources Inc.                      ,53.9724998,-113.1090012,5,0,0,120,240,10,120
ABBT0043526,Brevia Redwater Battery #13         ,A6N5,Ohana Resources Inc.                      ,53.8816986,-112.9599991,5,0,0,120,240,10,120
ABBT0043527,Penn West Redwater Battery #15      ,A517,Long Run Exploration Ltd.                 ,53.8597984,-113.0410004,5,0,0,120,240,10,120
ABBT0043528,Pinnacle Provost 4-16               ,A7H2,AlphaBow Energy Ltd.                      ,52.4359016,-111.6809998,5,0,0,120,240,10,120
ABBT0043589,Ranger Long Coulee 16-20            ,A306,Thoroughbred Energy Ltd.                  ,50.2790985,-112.9860001,5,0,0,120,240,10,120
ABBT0043607,Ascentex  Pembina 12-35             ,A04D,Petro Buyers Inc.                         ,53.2742004,-114.7789993,5,0,0,120,240,10,120
ABBT0043608,Champlin Westpem 10-26              ,A6FW,Vermilion Energy Inc.                     ,53.2597008,-115.7900009,5,0,0,120,240,10,120
ABBT0043610,Knobhill 02-27                      ,0RL9,Baytex Energy Ltd.                        ,52.9908981,-114.2040024,5,0,0,120,240,10,120
ABBT0043621,Pcp Wintering Hills 01-18           ,A7NW,Torxen Energy Ltd.                        ,51.1269989,-112.3570023,5,0,0,120,240,10,120
ABBT0043628,Masters Long Coulee 8-20-15-22w4    ,A306,Thoroughbred Energy Ltd.                  ,50.2719002,-112.9860001,5,0,0,120,240,10,120
ABBT0043637,Pcp Rockyford 14-22                 ,0Z0H,Harvest Operations Corp.                  ,51.1523018,-113.1360016,5,0,0,120,240,10,120
ABBT0043657,Opinac Fennbv 04-15                 ,A2J6,Crescent Point Energy Corp.               ,51.9992981,-112.5019989,5,0,0,120,240,10,120
ABBT0043670,Renaissance Cessford 04-02          ,0R89,Signalta Resources Limited                ,51.0979004,-111.5830002,5,0,0,120,240,10,120
ABBT0043705,Poco Provost 04-31                  ,A7H2,AlphaBow Energy Ltd.                      ,52.1301994,-111.0019989,5,0,0,120,240,10,120
ABBT0043725,Altana Provost 12b-30               ,0YK4,Surge Energy Inc.                         ,52.1230011,-110.572998,5,0,0,120,240,10,120
ABBT0043809,Carolside 04-16-024-12w4            ,0HE9,Canadian Natural Resources Limited        ,51.0396996,-111.6299973,5,0,0,120,240,10,120
ABBT0043823,Aec Elmworth 16-28                  ,A7LW,Raimount Energy Corp.                     ,55.0088005,-118.8430023,5,0,0,120,240,10,120
ABBT0043866,Cwcp Pouce Coupe South 14-10-78-12  ,A6D7,Kelt Exploration Ltd.                     ,55.7504005,-119.7750015,5,0,0,120,240,10,120
ABBT0043877,Solex Kakwa 10-26                   ,A7GG,Kicking Horse Oil & Gas Ltd.              ,54.3069,-118.4840012,5,0,0,120,240,10,120
ABBT0043880,Camino Garr 16-15                   ,A5BE,Whitecap Resources Inc.                   ,51.8368988,-114.3349991,5,0,0,120,240,10,120
ABBT0043886,Joss Bow Island 11-26               ,0G30,ARC Resources Ltd.                        ,49.8530998,-111.6669998,5,0,0,120,240,10,120
ABBT0043969,Amoco Pine Creek 10-10              ,A5RX,Bonavista Energy Corporation              ,53.9137993,-116.7360001,5,0,0,120,240,10,120
ABBT0044062,Fcpi Provost Central Battery 2-10   ,A7WF,Battle River Energy Ltd.                  ,52.3339996,-111.3570023,5,0,0,120,240,10,120
ABBT0044069,Renaissance Cessford 16-34          ,0R89,Signalta Resources Limited                ,51.094101,-111.5889969,5,0,0,120,240,10,120
ABBT0044099,Ish Kirby 2-30                      ,0LN5,Ish Energy Ltd.                           ,55.4338989,-111.2210007,5,0,0,120,240,10,120
ABBT0044100,Orlen Strachan 11-27-038-08w5       ,A2DE,ORLEN Upstream Canada Ltd.                ,52.2989998,-115.064003,5,0,0,120,240,10,120
ABBT0044131,Legacy Waite Valley 10-21-9-3w5     ,A2J6,Crescent Point Energy Corp.               ,50.6246986,-114.3570023,5,0,0,120,240,10,120
ABBT0044172,Nortek Erskine 5-33                 ,A1H9,Ember Resources Inc.                      ,52.3959007,-112.8330002,5,0,0,120,240,10,120
ABBT0044184,Aec Gold Creek 10-15                ,A7LW,Raimount Energy Corp.                     ,55.0887985,-118.6709976,5,0,0,120,240,10,120
ABBT0044192,N.u.l. Viking Percy Lk 4-28         ,A1GR,Pine Cliff Energy Ltd.                    ,53.1633987,-111.4160004,5,0,0,120,240,10,120
ABBT0044213,Huegler Pembina 4-9                 ,A6JK,InPlay Oil Corp.                          ,53.1214981,-114.6809998,5,0,0,120,240,10,120
ABBT0044235,Chevron Westerose South 12-11       ,0TM9,NAL Resources Limited                     ,52.8670006,-114.0469971,5,0,0,120,240,10,120
ABBT0044241,Western Land Westpem 8-15           ,A6FW,Vermilion Energy Inc.                     ,53.2270012,-115.8089981,5,0,0,120,240,10,120
ABBT0044245,Fcpi Provost 1-8                    ,A7WF,Battle River Energy Ltd.                  ,52.4211998,-110.3919983,5,0,0,120,240,10,120
ABBT0044248,Kaybob South 6-22-60-20w5           ,A5RX,Bonavista Energy Corporation              ,54.2013016,-116.9169998,5,0,0,120,240,10,120
ABBT0044312,Kmg Garrington 6-6                  ,A5BE,Whitecap Resources Inc.                   ,51.975399,-114.564003,5,0,0,120,240,10,120
ABBT0044315,Mobil Buck Creek Pembina 3-30       ,0G30,ARC Resources Ltd.                        ,53.0778999,-115.0159988,5,0,0,120,240,10,120
ABBT0044352,Colin Bdylks 5-2                    ,A73W,Enercapita Energy Ltd.                    ,56.2519989,-119.947998,5,0,0,120,240,10,120
ABBT0044397,Enchant 2-6 02-06-013-15w4          ,0HE9,Canadian Natural Resources Limited        ,50.0499001,-112.038002,5,0,0,120,240,10,120
ABBT0044405,Sallee Chauvin South 3-7            ,0YK4,Surge Energy Inc.                         ,52.5959015,-110.1399994,5,0,0,120,240,10,120
ABBT0044406,Bearspaw Fennbv 6-26                ,0NL1,Bearspaw Petroleum Ltd.                   ,52.1193008,-112.7580032,5,0,0,120,240,10,120
ABBT0044445,Pengrowth Trout 16-11               ,A6CG,Highwood Oil Company Ltd.                 ,56.7971992,-114.3509979,5,0,0,120,240,10,120
ABBT0044454,Aztec Ft Sask 6-25                  ,A6EF,Rally Canada Resources Ltd.               ,53.6922989,-113.1139984,5,0,0,120,240,10,120
ABBT0044480,Colin Bdylks 6-36                   ,A73W,Enercapita Energy Ltd.                    ,56.2373009,-119.9150009,5,0,0,120,240,10,120
ABBT0044496,Pcp Bantry 6-15                     ,A2PH,Journey Energy Inc.                       ,50.6940002,-111.8659973,5,0,0,120,240,10,120
ABBT0044503,Rife Grand Forks 10-7               ,A6MY,Ascensun Oil and Gas Ltd.                 ,49.8972015,-111.7649994,5,0,0,120,240,10,120
ABBT0044529,Petro-Canada 10-14 Wapiti           ,0R46,Husky Oil Operations Limited              ,54.8016014,-119.1029968,5,0,0,120,240,10,120
ABBT0044530,Ang Spirit River 10-27              ,A6D7,Kelt Exploration Ltd.                     ,55.7905006,-119.1480026,5,0,0,120,240,10,120
ABBT0044551,Contour Retlaw 11-29-13-18          ,0PT6,545279 Alberta Limited                    ,50.1153984,-112.4300003,5,0,0,120,240,10,120
ABBT0044576,Amoco Markerville Gas Plant         ,0Z0H,Harvest Operations Corp.                  ,52.0626984,-114.2310028,5,0,0,120,240,10,120
ABBT0044601,Carolside 13-09-024-12w4            ,0HE9,Canadian Natural Resources Limited        ,51.0359001,-111.6299973,5,0,0,120,240,10,120
ABBT0044608,Anderson John Lake 13-16            ,0K29,Devon Canada Corporation                  ,53.757,-110.1009979,5,0,0,120,240,10,120
ABBT0044611,Bp Husky Benjamin 16-28-28-8 Wft    ,A5C4,Ikkuma Resources Corp.                    ,51.4294014,-115.0589981,5,0,0,120,240,10,120
ABBT0044632,Kaybob S 14-15-60-20w5              ,A5RX,Bonavista Energy Corporation              ,54.1940994,-116.9169998,5,0,0,120,240,10,120
ABBT0044645,Gulf Gilby 16-35                    ,A5D4,Cenovus Energy Inc.                       ,52.4921989,-114.3170013,5,0,0,120,240,10,120
ABBT0044651,Kaiser-Francis Hotchkiss 4-5        ,A7LX,Direct Oil & Gas Inc.                     ,57.2083015,-118.1320038,5,0,0,120,240,10,120
ABBT0044655,Pengrowth Trout 8-8                 ,A6CG,Highwood Oil Company Ltd.                 ,56.7900009,-114.4309998,5,0,0,120,240,10,120
ABBT0044664,Gulf Sylake 8-9                     ,A5D4,Cenovus Energy Inc.                       ,52.2517014,-114.5049973,5,0,0,120,240,10,120
ABBT0044668,Renaissance Killam 16-23            ,A6EF,Rally Canada Resources Ltd.               ,52.5485992,-111.9029999,5,0,0,120,240,10,120
ABBT0044687,Signalta Bigoray Ostracod G Unit 2  ,0BP8,Obsidian Energy Ltd.                      ,53.4342003,-115.1650009,5,0,0,120,240,10,120
ABBT0044705,Renaissance Cessford 9-34           ,0R89,Signalta Resources Limited                ,51.0904999,-111.5889969,5,0,0,120,240,10,120
ABBT0044712,Aec Suffield 4-3                    ,A7N1,IPC Alberta Ltd.                          ,50.5740013,-111.1790009,5,0,0,120,240,10,120
ABBT0044726,Northstar Crossfield 10-5           ,A5RX,Bonavista Energy Corporation              ,51.4547005,-114.2450027,5,0,0,120,240,10,120
ABBT0044738,Ranger Long Coulee 8-4              ,0YK4,Surge Energy Inc.                         ,50.3156013,-112.9629974,5,0,0,120,240,10,120
ABBT0044773,Petromet Kaybob 9-17                ,0AW4,Paramount Resources Ltd.                  ,54.2778015,-116.8050003,5,0,0,120,240,10,120
ABBT0044779,Amoco Caroline 2-4                  ,A2TG,TAQA North Ltd.                           ,51.9716988,-114.7959976,5,0,0,120,240,10,120
ABBT0044790,Huegler Pembina 12-3                ,A6JK,InPlay Oil Corp.                          ,53.1142006,-114.6569977,5,0,0,120,240,10,120
ABBT0044807,Gulf Sylake Lake 14-15              ,A5D4,Cenovus Energy Inc.                       ,52.2736015,-114.3499985,5,0,0,120,240,10,120
ABBT0044809,Fcpi Hayter 5-26                    ,0DZ7,Rife Resources Ltd.                       ,52.4687004,-110.0500031,5,0,0,120,240,10,120
ABBT0044821,Nul Kinsella Metered                ,A1GR,Pine Cliff Energy Ltd.                    ,53.1377983,-111.4769974,5,0,0,120,240,10,120
ABBT0044823,Nul Irma 12-1                       ,A1GR,Pine Cliff Energy Ltd.                    ,52.9398003,-111.185997,5,0,0,120,240,10,120
ABBT0044824,Nul Kinsella Unmetered              ,A1GR,Pine Cliff Energy Ltd.                    ,53.0469017,-111.5680008,5,0,0,120,240,10,120
ABBT0044828,Cabre Pcoupes                       ,A76W,Longshore Resources Ltd.                  ,55.6996002,-119.6389999,5,0,0,120,240,10,120
ABBT0044844,Chevron Homeglen-Rimbey 3-32        ,A5D4,Cenovus Energy Inc.                       ,52.7434006,-114.1139984,5,0,0,120,240,10,120
ABBT0044854,Sallee Chauvin South 4-7            ,0YK4,Surge Energy Inc.                         ,52.5959015,-110.1460037,5,0,0,120,240,10,120
ABBT0044856,Enerplus Kakwa Battery 10-3         ,A7GG,Kicking Horse Oil & Gas Ltd.              ,54.3359985,-118.5090027,5,0,0,120,240,10,120
ABBT0044872,Renaissance Ghost Pine 07-24        ,A663,Trident Exploration (Alberta) Corp.       ,51.7564011,-112.9899979,5,0,0,120,240,10,120
ABBT0044885,Cabre Provost 10-14                 ,A5RD,Enerplus Corporation                      ,52.3557014,-110.3259964,5,0,0,120,240,10,120
ABBT0044889,Pinnacle Provost 7-1                ,0YK4,Surge Energy Inc.                         ,52.3230019,-110.302002,5,0,0,120,240,10,120
ABBT0044890,Masters Long Coulee 16-17-15-22w4   ,A306,Thoroughbred Energy Ltd.                  ,50.2645988,-112.9860001,5,0,0,120,240,10,120
ABBT0044912,Cdn 88 Energy Lanaway 7-7           ,A63R,Sitka Exploration Ltd.                    ,52.0772018,-114.5579987,5,0,0,120,240,10,120
ABBT0044913,Pcp Provost Bty 9-7                 ,0Z0H,Harvest Operations Corp.                  ,51.9920006,-110.8410034,5,0,0,120,240,10,120
ABBT0044940,Eagle Provost 3a-29                 ,A7BY,Cleo Energy Corp.                         ,52.0284996,-110.8290024,5,0,0,120,240,10,120
ABBT0044952,Morrison Provost 4-2                ,0Z0H,Harvest Operations Corp.                  ,52.4940987,-111.4889984,5,0,0,120,240,10,120
ABBT0044977,Cabre Valhalla 7-31                 ,A76W,Longshore Resources Ltd.                  ,55.6268005,-119.2249985,5,0,0,120,240,10,120
ABBT0044978,Pyramid Resources Ltd               ,A663,Trident Exploration (Alberta) Corp.       ,52.6576004,-113.3359985,5,0,0,120,240,10,120
ABBT0045018,Carolside 14-09-024-12w4            ,0HE9,Canadian Natural Resources Limited        ,51.0359001,-111.6240005,5,0,0,120,240,10,120
ABBT0045065,Renaissance Provost Lloyd 8c-12     ,0YK4,Surge Energy Inc.                         ,52.4249001,-110.2959976,5,0,0,120,240,10,120
ABBT0045072,Tbe E Cadogan 4-10-38-03w40         ,A7H7,West Lake Energy Corp.                    ,52.2467995,-110.3590012,5,0,0,120,240,10,120
ABBT0045076,Bear Trap 08-16-061-04w4            ,0HE9,Canadian Natural Resources Limited        ,54.2734985,-110.5329971,5,0,0,120,240,10,120
ABBT0045123,Archer Res Wildunn Creek 15-32      ,0HE9,Canadian Natural Resources Limited        ,51.5307007,-111.935997,5,0,0,120,240,10,120
ABBT0045143,D Energy Bashaw 7-5-42-23w4         ,A663,Trident Exploration (Alberta) Corp.       ,52.5848999,-113.2770004,5,0,0,120,240,10,120
ABBT0045148,Amerada Hess Garrington Olds H.p.   ,0TM9,NAL Resources Limited                     ,51.6184006,-114.0749969,5,0,0,120,240,10,120
ABBT0045182,Gilby 16-36-039-01w5                ,0HE9,Canadian Natural Resources Limited        ,52.4048996,-114.0049973,5,0,0,120,240,10,120
ABBT0045186,Hess Cranberry 2-11                 ,0HE9,Canadian Natural Resources Limited        ,57.3972015,-118.362999,5,0,0,120,240,10,120
ABBT0045198,Fgpc Leedale 11-18                  ,A2PH,Journey Energy Inc.                       ,52.7071991,-114.4280014,5,0,0,120,240,10,120
ABBT0045200,Ferrier 8-10                        ,A2TG,TAQA North Ltd.                           ,52.5139999,-115.0599976,5,0,0,120,240,10,120
ABBT0045227,Atcor Bow Island Bi 12-23           ,A5M4,Manitok Energy Inc.                       ,49.838501,-111.6729965,5,0,0,120,240,10,120
ABBT0045329,Rtec Ferrier 7-32 Battery           ,A5RD,Enerplus Corporation                      ,52.4012985,-115.1380005,5,0,0,120,240,10,120
ABBT0045342,Pcp Countess Verger 8-21            ,A7NW,Torxen Energy Ltd.                        ,50.7957993,-112.0159988,5,0,0,120,240,10,120
ABBT0045348,Conwest Hillsdown 6-20-37-25        ,A2JR,Gear Energy Ltd.                          ,52.1921005,-113.5429993,5,0,0,120,240,10,120
ABBT0045352,Grand Forks 15-24 01-12-013-14w4    ,0HE9,Canadian Natural Resources Limited        ,50.0643005,-111.7819977,5,0,0,120,240,10,120
ABBT0045367,Alka Mitsue 5-32                    ,0JY1,Mistahiya Resources Ltd.                  ,55.3650017,-114.7419968,5,0,0,120,240,10,120
ABBT0045369,Petrorep Provost 10-19              ,A5TT,Tamarack Acquisition Corp.                ,52.0211983,-110.9899979,5,0,0,120,240,10,120
ABBT0045380,Fcpi Provost 1c-8                   ,A7WF,Battle River Energy Ltd.                  ,52.3338013,-110.6800003,5,0,0,120,240,10,120
ABBT0045407,Enerplus Kakwa Battery 4-25         ,A7GG,Kicking Horse Oil & Gas Ltd.              ,54.387001,-118.6220016,5,0,0,120,240,10,120
ABBT0045417,Cdnoxy Manir 14-21 Battery          ,0HE9,Canadian Natural Resources Limited        ,55.2560005,-118.401001,5,0,0,120,240,10,120
ABBT0045455,Colin Swan H                        ,A7ND,ACCEL Canada Holdings Limited             ,54.9468994,-115.2440033,5,0,0,120,240,10,120
ABBT0045468,Carolside 02-18-025-12w4            ,0HE9,Canadian Natural Resources Limited        ,51.1269989,-111.6650009,5,0,0,120,240,10,120
ABBT0045471,Vermilion Westpem 10-8-49-13        ,A6FW,Vermilion Energy Inc.                     ,53.2159996,-115.8639984,5,0,0,120,240,10,120
ABBT0045481,Total Gilby 3-34                    ,A7ME,Gain Energy Ltd.                          ,52.4813995,-114.2089996,5,0,0,120,240,10,120
ABBT0045541,Czar Drumheller 6-30                ,A517,Long Run Exploration Ltd.                 ,51.5960007,-112.8089981,5,0,0,120,240,10,120
ABBT0045552,Cjx Brant 12-15                     ,A2TG,TAQA North Ltd.                           ,50.5228996,-113.3659973,5,0,0,120,240,10,120
ABBT0045560,Halkirk 07-31-037-17w4              ,0HE9,Canadian Natural Resources Limited        ,52.221199,-112.4189987,5,0,0,120,240,10,120
ABBT0045578,Leo 04-20-035-17w4                  ,0HE9,Canadian Natural Resources Limited        ,52.0138016,-112.4069977,5,0,0,120,240,10,120
ABBT0045595,Bear Trap 09-06-061-04w4            ,0HE9,Canadian Natural Resources Limited        ,54.2480011,-110.5830002,5,0,0,120,240,10,120
ABBT0045616,Joss Grand Forks 8-35               ,A7AZ,SanLing Energy Ltd.                       ,49.9514999,-111.5309982,5,0,0,120,240,10,120
ABBT0045649,Crestar Med River 6-32              ,A5D4,Cenovus Energy Inc.                       ,52.4011002,-114.4059982,5,0,0,120,240,10,120
ABBT0045654,Lasmo Esther 16-18                  ,0BP8,Obsidian Energy Ltd.                      ,51.7490997,-110.1259995,5,0,0,120,240,10,120
ABBT0045695,Pcp Bassano 11-35                   ,A6A7,Cardinal Energy Ltd.                      ,50.8284988,-112.5350037,5,0,0,120,240,10,120
ABBT0045713,Westcoast Pine Creek 6-16           ,A5RX,Bonavista Energy Corporation              ,53.9249001,-116.7669983,5,0,0,120,240,10,120
ABBT0045714,Surat Swan Hills 2-5                ,A2PZ,KinMerc Oil & Gas Inc.                    ,55.114399,-115.6520004,5,0,0,120,240,10,120
ABBT0045718,Shell Caroline 12-35                ,A2F0,Shell Canada Energy                       ,51.9640999,-114.7549973,5,0,0,120,240,10,120
ABBT0045820,Cimarron Spring Co 10-13            ,A2J6,Crescent Point Energy Corp.               ,49.212101,-112.9729996,5,0,0,120,240,10,120
ABBT0045836,Cessford 02-08 14-09-024-12w4       ,0HE9,Canadian Natural Resources Limited        ,51.0359001,-111.6240005,5,0,0,120,240,10,120
ABBT0045840,Bp Pembina 6-30                     ,A68P,Canlin Resources Partnership              ,53.1688004,-115.4550018,5,0,0,120,240,10,120
ABBT0045907,Conwest Laglace 14-13               ,26,Encana Corporation                        ,55.4160004,-118.939003,5,0,0,120,240,10,120
ABBT0045908,Conwest Seximth 14-25               ,26,Encana Corporation                        ,55.4450989,-118.939003,5,0,0,120,240,10,120
ABBT0045932,Shouldice 2-11 06-01-019-23w4       ,0HE9,Canadian Natural Resources Limited        ,50.5778999,-113.0660019,5,0,0,120,240,10,120
ABBT0045972,Berry 07-20-028-12w4                ,A50K,Success Resources Ltd.                    ,51.4070015,-111.6549988,5,0,0,120,240,10,120
ABBT0046002,Cabre Elmworth 8-4                  ,A76W,Longshore Resources Ltd.                  ,54.9434013,-118.9950027,5,0,0,120,240,10,120
ABBT0046033,Discovery Leahurst 1-16             ,0HE9,Canadian Natural Resources Limited        ,52.2615013,-112.5080032,5,0,0,120,240,10,120
ABBT0046061,Rising Pembina 2-12                 ,0XZ4,Bonterra Energy Corp.                     ,53.1214981,-114.7419968,5,0,0,120,240,10,120
ABBT0046064,Colin Gordondale 11-26              ,A5M4,Manitok Energy Inc.                       ,55.8779984,-119.2949982,5,0,0,120,240,10,120
ABBT0046170,Alderson 4-29-14-10w4               ,0HE9,Canadian Natural Resources Limited        ,50.1955986,-111.3440018,5,0,0,120,240,10,120
ABBT0046185,Blue Range Clearhills 16-11         ,0HE9,Canadian Natural Resources Limited        ,56.6226997,-119.9469986,5,0,0,120,240,10,120
ABBT0046212,Stanford Wild River 14-36           ,0HE9,Canadian Natural Resources Limited        ,53.9756012,-117.2870026,5,0,0,120,240,10,120
ABBT0046275,Willgreen 16-11-40-5w5              ,A5D4,Cenovus Energy Inc.                       ,52.4339981,-114.6050034,5,0,0,120,240,10,120
ABBT0046281,Renaissance Taber Se 1-17           ,A5BL,Arrow Point Oil & Gas Ltd.                ,49.6422997,-111.9940033,5,0,0,120,240,10,120
ABBT0046294,Conoco Mudge 2-6                    ,0R46,Husky Oil Operations Limited              ,53.1068993,-116.7649994,5,0,0,120,240,10,120
ABBT0046304,Petro Canada Swan Hills 10-28       ,A7L1,Razor Energy Corp.                        ,54.8306007,-115.3079987,5,0,0,120,240,10,120
ABBT0046310,Ogy Trout 10-25                     ,A6CG,Highwood Oil Company Ltd.                 ,56.75,-114.4899979,5,0,0,120,240,10,120
ABBT0046326,Sceptre Carmangay 15-22             ,A74H,Houston Oil & Gas Ltd.                    ,50.1041985,-112.9250031,5,0,0,120,240,10,120
ABBT0046328,Dynalta Provost 16-24               ,A7BT,Karve Energy Inc.                         ,52.2865982,-111.5790024,5,0,0,120,240,10,120
ABBT0046333,Transwest Marie Lake 10-33          ,A6L2,Canadian Oil & Gas International Inc.     ,54.6697006,-110.3929977,5,0,0,120,240,10,120
ABBT0046335,Trilogy Kaybob South Bluesky 11-1   ,0AW4,Paramount Resources Ltd.                  ,54.0741005,-116.5670013,5,0,0,120,240,10,120
ABBT0046402,Bowtex Sylvan Lake 14-18            ,0Z0H,Harvest Operations Corp.                  ,52.1862984,-114.2779999,5,0,0,120,240,10,120
ABBT0046411,Queenstown 4-22-19-21w4             ,0HE9,Canadian Natural Resources Limited        ,50.6178017,-112.8410034,5,0,0,120,240,10,120
ABBT0046499,Renaissance Alderson 1-16           ,0HE9,Canadian Natural Resources Limited        ,50.5157013,-111.3130035,5,0,0,120,240,10,120
ABBT0046511,Journey Herronton 1-15              ,A2PH,Journey Energy Inc.                       ,50.6034012,-113.3779984,5,0,0,120,240,10,120
ABBT0046543,Garrington 08-05-37-5w5             ,A5D4,Cenovus Energy Inc.                       ,52.1500015,-114.6709976,5,0,0,120,240,10,120
ABBT0046584,Red Earth 1-24-90-10w5              ,0HE9,Canadian Natural Resources Limited        ,56.8154984,-115.4410019,5,0,0,120,240,10,120
ABBT0046617,Crestar Anselmo 10-25               ,0BP8,Obsidian Energy Ltd.                      ,53.9575996,-115.348999,5,0,0,120,240,10,120
ABBT0046626,Charlotte Lake 11-16-61-4w4         ,0HE9,Canadian Natural Resources Limited        ,54.2770996,-110.5459976,5,0,0,120,240,10,120
ABBT0046649,Amoc Hb Pembina 9-18                ,0BP8,Obsidian Energy Ltd.                      ,53.2305984,-115.2969971,5,0,0,120,240,10,120
ABBT0046688,Pc Whitecourt South Bty 12-26       ,A2TG,TAQA North Ltd.                           ,54.1323013,-115.5479965,5,0,0,120,240,10,120
ABBT0046692,Morrison Retlaw 14-36-12-19         ,A7AZ,SanLing Energy Ltd.                       ,50.0460014,-112.4759979,5,0,0,120,240,10,120
ABBT0046727,Tarragon Mikwan 3-4                 ,A7H2,AlphaBow Energy Ltd.                      ,52.0574989,-113.2340012,5,0,0,120,240,10,120
ABBT0046742,Nco Little Bow 8-29                 ,0MP9,Zargon Oil & Gas Ltd.                     ,50.1991005,-112.4189987,5,0,0,120,240,10,120
ABBT0046765,Frog Lake N.e. Pad 9-32-55-3w4      ,0HE9,Canadian Natural Resources Limited        ,53.7967987,-110.4049988,5,0,0,120,240,10,120
ABBT0046785,Colin Hillsdown 11-26 Gas Group     ,A5M4,Manitok Energy Inc.                       ,55.8779984,-119.2949982,5,0,0,120,240,10,120
ABBT0046786,Samson Panny 8-3 Battery            ,A6AG,Crimson Oil & Gas Ltd.                    ,57.2994003,-114.7089996,5,0,0,120,240,10,120
ABBT0046795,Intensity Coutts 12-27-1-16         ,A2J6,Crescent Point Energy Corp.               ,49.0663986,-112.072998,5,0,0,120,240,10,120
ABBT0046797,Chevron Hotchkiss 8-14              ,0YK4,Surge Energy Inc.                         ,57.0665016,-118.0309982,5,0,0,120,240,10,120
ABBT0046808,Nul Viking 6-2                      ,A1GR,Pine Cliff Energy Ltd.                    ,53.1959,-111.8000031,5,0,0,120,240,10,120
ABBT0046838,Norcen Provost 14-32                ,A60R,Caltex Resources Ltd.                     ,52.1411018,-110.1149979,5,0,0,120,240,10,120
ABBT0046840,Cnd Oxy Heldar 10-18                ,A662,Point Loma Resources Ltd.                 ,54.0152016,-114.8789978,5,0,0,120,240,10,120
ABBT0046847,Pinnacle Baptiste 14-25             ,0R46,Husky Oil Operations Limited              ,54.9202995,-113.3769989,5,0,0,120,240,10,120
ABBT0046856,Chauvco Provost 9-35                ,A6DE,Sekur Energy Management Corp.             ,51.9636002,-111.0240021,5,0,0,120,240,10,120
ABBT0046858,Renaissance Taber Se 4-16           ,A5BL,Arrow Point Oil & Gas Ltd.                ,49.6422997,-111.9889984,5,0,0,120,240,10,120
ABBT0046887,Colin Swan H 12-1                   ,A7ND,ACCEL Canada Holdings Limited             ,54.9468994,-115.2440033,5,0,0,120,240,10,120
ABBT0046892,Cabre 5d Provost 5-32-38-8          ,A7BT,Karve Energy Inc.                         ,52.3086014,-111.1210022,5,0,0,120,240,10,120
ABBT0046918,Tbe Hayter N 15-9-41-1w4            ,A7H7,West Lake Energy Corp.                    ,52.5195007,-110.0859985,5,0,0,120,240,10,120
ABBT0046930,Ish Rosevear 16-33                  ,A5RX,Bonavista Energy Corporation              ,53.7137985,-116.1419983,5,0,0,120,240,10,120
ABBT0046935,Vermilion Chip Lake 5-18-53-10      ,A6FW,Vermilion Energy Inc.                     ,53.5756989,-115.4720001,5,0,0,120,240,10,120
ABBT0046961,Cdn 88 Energy Twin 4-33 North Inlet ,A7H2,AlphaBow Energy Ltd.                      ,51.6944008,-113.2149963,5,0,0,120,240,10,120
ABBT0046965,Magrath Cecil 14-31                 ,0Z0H,Harvest Operations Corp.                  ,56.2454987,-119.0979996,5,0,0,120,240,10,120
ABBT0046993,Pinnacle Provost 15-24              ,0LE1,Canadian Coyote Energy Ltd.               ,52.2865982,-111.2990036,5,0,0,120,240,10,120
ABBT0046999,Sc Nipisi 15-24                     ,0YK4,Surge Energy Inc.                         ,55.7793007,-115.0979996,5,0,0,120,240,10,120
ABBT0047000,Woodriver 4-3-37-22w4               ,A663,Trident Exploration (Alberta) Corp.       ,52.1449013,-113.072998,5,0,0,120,240,10,120
ABBT0047008,Archer Berry 10-20-28-12            ,A50K,Success Resources Ltd.                    ,51.4105988,-111.6549988,5,0,0,120,240,10,120
ABBT0047014,Huber Tomahawk 2-14-52-7            ,0FC1,Adanac Oil & Gas Limited                  ,53.4850998,-114.9199982,5,0,0,120,240,10,120
ABBT0047031,Inverness Lousana 14-32-36-21       ,A0MC,Terra Energy Corp.                        ,52.1411018,-112.9720001,5,0,0,120,240,10,120
ABBT0047053,Poco Redwater 12-18                 ,0LD3,Energy Express Canada Corp.               ,53.7542992,-112.8239975,5,0,0,120,240,10,120
ABBT0047067,Signalta Pembina 13-7               ,0R89,Signalta Resources Limited                ,53.3069,-114.8399963,5,0,0,120,240,10,120
ABBT0047101,Pinnacle Cooking Lake 4-16          ,A5ER,Hell's Half-Acre Petroleum Corporation    ,53.485199,-112.8990021,5,0,0,120,240,10,120
ABBT0047105,Chevron Homeglen-Rimbey 14-11       ,0TM9,NAL Resources Limited                     ,52.6086998,-114.1849976,5,0,0,120,240,10,120
ABBT0047148,Maxx Chain 14-31                    ,A5EB,Marquee Energy Ltd.                       ,51.7925987,-112.2639999,5,0,0,120,240,10,120
ABBT0047172,Anderson Winty 14-35                ,0K29,Devon Canada Corporation                  ,53.2761002,-110.4840012,5,0,0,120,240,10,120
ABBT0047174,Pinnacle Provost 13-30              ,0LE1,Canadian Coyote Energy Ltd.               ,52.3012009,-111.2870026,5,0,0,120,240,10,120
ABBT0047180,K2 Joarcam 14-18                    ,A5RD,Enerplus Corporation                      ,53.2342987,-113.0650024,5,0,0,120,240,10,120
ABBT0047182,Battle Creek Twining North 6-31     ,A69G,Canstone Energy Ltd.                      ,51.7854004,-113.3980026,5,0,0,120,240,10,120
ABBT0047200,Cimarron Barrhead 16-29             ,A517,Long Run Exploration Ltd.                 ,53.960701,-114.6989975,5,0,0,120,240,10,120
ABBT0047206,Cimarron Gilby 10-1                 ,0Z0H,Harvest Operations Corp.                  ,52.5904999,-114.586998,5,0,0,120,240,10,120
ABBT0047226,Pedco Pembina 14-14                 ,0BP8,Obsidian Energy Ltd.                      ,52.9732018,-115.0559998,5,0,0,120,240,10,120
ABBT0047243,Togl Queenstown 4-22 Gas            ,0HE9,Canadian Natural Resources Limited        ,50.6178017,-112.8410034,5,0,0,120,240,10,120
ABBT0047265,Aec Gold Creek 1-23 Gas Bty.        ,A1CL,Iron Bridge Resources Inc.                ,54.8959999,-118.4869995,5,0,0,120,240,10,120
ABBT0047272,Barrington Shouldice 8-2            ,A74H,Houston Oil & Gas Ltd.                    ,50.7524986,-113.0780029,5,0,0,120,240,10,120
ABBT0047281,Rising Pembina 6-10                 ,0XZ4,Bonterra Energy Corp.                     ,53.1250992,-114.7969971,5,0,0,120,240,10,120
ABBT0047302,Summit Mirage 4-20                  ,A7CZ,Rising Star Resources Ltd.                ,55.8562012,-119.0670013,5,0,0,120,240,10,120
ABBT0047316,Rising Pembina 10-4-48-3            ,A77B,HBC Energy Ltd.                           ,53.1142006,-114.3759995,5,0,0,120,240,10,120
ABBT0047336,Aec Elmworth 16-35                  ,A7LW,Raimount Energy Corp.                     ,55.023201,-118.7919998,5,0,0,120,240,10,120
ABBT0047340,Taurus Gilby 08-18-42-4w5 Bt        ,A2JR,Gear Energy Ltd.                          ,52.6160011,-114.5569992,5,0,0,120,240,10,120
ABBT0047352,Para Leismer 12-16                  ,0Z5F,Sequoia Resources Corp.                   ,55.8480988,-111.3590012,5,0,0,120,240,10,120
ABBT0047355,Concord Pembina 10-14               ,A6JK,InPlay Oil Corp.                          ,53.0559006,-114.3280029,5,0,0,120,240,10,120
ABBT0047361,Para Hangingstone 14-4              ,0Z5F,Sequoia Resources Corp.                   ,55.9972,-111.3529968,5,0,0,120,240,10,120
ABBT0047362,Boundary Lake South 8-11-86-12w6    ,0HE9,Canadian Natural Resources Limited        ,56.4408989,-119.7699966,5,0,0,120,240,10,120
ABBT0047365,Poco Cessford 08-18                 ,A2PH,Journey Energy Inc.                       ,50.9560013,-111.7990036,5,0,0,120,240,10,120
ABBT0047367,Fcpi Provost 12-36 Bty              ,A7WF,Battle River Energy Ltd.                  ,51.9636002,-111.0179977,5,0,0,120,240,10,120
ABBT0047379,Gulf Westerose 12-2                 ,A5D4,Cenovus Energy Inc.                       ,52.8526001,-114.0469971,5,0,0,120,240,10,120
ABBT0047401,Renaissance Sugden 10-31            ,0R46,Husky Oil Operations Limited              ,54.4950981,-111.0490036,5,0,0,120,240,10,120
ABBT0047422,Jordan Thorsby 10-36                ,A632,Petrus Resources Corp.                    ,53.2741013,-114.0110016,5,0,0,120,240,10,120
ABBT0047425,Samedan Manyberries 10-5            ,150,City Of Medicine Hat                      ,49.3576012,-110.5080032,5,0,0,120,240,10,120
ABBT0047436,Ipc Wildmere 8-2                    ,0R46,Husky Oil Operations Limited              ,53.2831993,-110.9100037,5,0,0,120,240,10,120
ABBT0047444,Queenstown 3-27-18-22w4             ,0HE9,Canadian Natural Resources Limited        ,50.544899,-112.9509964,5,0,0,120,240,10,120
ABBT0047457,Ogy Trout 02-1                      ,A6CG,Highwood Oil Company Ltd.                 ,56.7719994,-114.4899979,5,0,0,120,240,10,120
ABBT0047516,Chancellor Stewart 1-23             ,A663,Trident Exploration (Alberta) Corp.       ,51.7528,-113.8580017,5,0,0,120,240,10,120
ABBT0047544,Nugas Wintering Hills - New East Bty,0HE9,Canadian Natural Resources Limited        ,51.0505981,-112.1240005,5,0,0,120,240,10,120
ABBT0047550,Crestar Gilby 7-8 Compressor Station,A5D4,Cenovus Energy Inc.                       ,52.5140991,-114.3949966,5,0,0,120,240,10,120
ABBT0047577,Amoco Botha 7-16                    ,0HE9,Canadian Natural Resources Limited        ,57.5027008,-118.7419968,5,0,0,120,240,10,120
ABBT0047620,Brrc Leduc-Woodbend 7-23            ,A637,NEP Canada ULC                            ,53.2414017,-113.8389969,5,0,0,120,240,10,120
ABBT0047623,Cabre Knopcik 14-14                 ,A76W,Longshore Resources Ltd.                  ,55.328701,-119.4260025,5,0,0,120,240,10,120
ABBT0047644,Shanpet Lochend 10-28               ,0PP7,Shanpet Resources Ltd.                    ,51.3384018,-114.3619995,5,0,0,120,240,10,120
ABBT0047659,Morningside 2-3-42-28w4             ,A2N1,Just Freehold Energy Corp.                ,52.5817986,-113.947998,5,0,0,120,240,10,120
ABBT0047661,Colin Et Al Swan Hills              ,A7G2,Ridgeback Resources Inc.                  ,54.9323006,-115.3079987,5,0,0,120,240,10,120
ABBT0047663,Summit Mirage 10-8                  ,A7CZ,Rising Star Resources Ltd.                ,55.834301,-119.0540009,5,0,0,120,240,10,120
ABBT0047707,Osprey Provost 04-13                ,A7L3,Ghost River Resources Inc.                ,52.0867004,-110.310997,5,0,0,120,240,10,120
ABBT0047736,Summit Mirage 14-08                 ,A7CZ,Rising Star Resources Ltd.                ,55.8378983,-119.060997,5,0,0,120,240,10,120
ABBT0047779,Karon Pembina 6-36                  ,A727,Sifton Petroleum Inc.                     ,53.009201,-114.4520035,5,0,0,120,240,10,120
ABBT0047803,Northstar Long Coulee 14-12         ,A7AZ,SanLing Energy Ltd.                       ,50.3372993,-112.9049988,5,0,0,120,240,10,120
ABBT0047807,Gordondale 6-12-79-11w6             ,0HE9,Canadian Natural Resources Limited        ,55.8306999,-119.5830002,5,0,0,120,240,10,120
ABBT0047809,00/15-22-058-25w4 St Albert Gswb    ,0TW5,West Star Oil & Gas Co. Ltd.              ,54.0345001,-113.6289978,5,0,0,120,240,10,120
ABBT0047814,Quadron Halkirk 13-30               ,A6L2,Canadian Oil & Gas International Inc.     ,52.3013,-112.288002,5,0,0,120,240,10,120
ABBT0047816,Rigel Gilby 10-12                   ,A7ME,Gain Energy Ltd.                          ,52.5177002,-114.2990036,5,0,0,120,240,10,120
ABBT0047817,Rigel Gilby 10-24                   ,A7ME,Gain Energy Ltd.                          ,52.5467987,-114.2990036,5,0,0,120,240,10,120
ABBT0047849,Pc Alderson Ws Gm G-1 10-21         ,A68P,Canlin Resources Partnership              ,50.2753983,-111.3190002,5,0,0,120,240,10,120
ABBT0047858,Cessford 4-10-26-12w4               ,0HE9,Canadian Natural Resources Limited        ,51.1997986,-111.6070023,5,0,0,120,240,10,120
ABBT0047906,Vermilion West Pem 12-03-50-13      ,A6FW,Vermilion Energy Inc.                     ,53.2888985,-115.8270035,5,0,0,120,240,10,120
ABBT0047928,Drayton Valley 10-21-49-7w5         ,A2JR,Gear Energy Ltd.                          ,53.2449989,-114.9609985,5,0,0,120,240,10,120
ABBT0047952,Vermilion Westpem 08-15-50-13       ,A6FW,Vermilion Energy Inc.                     ,53.3143997,-115.8089981,5,0,0,120,240,10,120
ABBT0047954,Chauvin 11-26-044-04 W4             ,39,Repsol Oil & Gas Canada Inc.              ,52.8233986,-110.4789963,5,0,0,120,240,10,120
ABBT0047958,Paragon Mikwan 05-22                ,A2TG,TAQA North Ltd.                           ,52.1048012,-113.072998,5,0,0,120,240,10,120
ABBT0047981,Petrorep Provost 03-15              ,A5TT,Tamarack Acquisition Corp.                ,51.9994011,-110.7819977,5,0,0,120,240,10,120
ABBT0048000,Culp 16-2-79-24w5                   ,0HE9,Canadian Natural Resources Limited        ,55.8233986,-117.6330032,5,0,0,120,240,10,120
ABBT0048010,Pcp Leahurst 14-34                  ,A6EF,Rally Canada Resources Ltd.               ,52.2285004,-112.4960022,5,0,0,120,240,10,120
ABBT0048027,Taber 4-20-7-16w4                   ,0HE9,Canadian Natural Resources Limited        ,49.5693016,-112.1470032,5,0,0,120,240,10,120
ABBT0048066,Renaissance 2d Taber Se 2-9         ,A5BL,Arrow Point Oil & Gas Ltd.                ,49.6276016,-111.9769974,5,0,0,120,240,10,120
ABBT0048100,Trilogy Kaybob South Treestone 05-12,0AW4,Paramount Resources Ltd.                  ,54.2594986,-116.7229996,5,0,0,120,240,10,120
ABBT0048110,Amoco Caroline 06-04                ,A63R,Sitka Exploration Ltd.                    ,51.8879013,-114.6539993,5,0,0,120,240,10,120
ABBT0048139,Summit 08-08                        ,A7CZ,Rising Star Resources Ltd.                ,55.8306999,-119.0479965,5,0,0,120,240,10,120
ABBT0048165,Co-Enerco Shekilie 03-10            ,0AW4,Paramount Resources Ltd.                  ,59.2285004,-119.2699966,5,0,0,120,240,10,120
ABBT0048183,Colin Chicken 5-33                  ,A2TG,TAQA North Ltd.                           ,54.3176994,-118.9960022,5,0,0,120,240,10,120
ABBT0048202,Charlotte Lake 9-8-61-4w4           ,0HE9,Canadian Natural Resources Limited        ,54.2624016,-110.5579987,5,0,0,120,240,10,120
ABBT0048245,Rising Pembina North 10-08          ,0XZ4,Bonterra Energy Corp.                     ,53.2159996,-114.8399963,5,0,0,120,240,10,120
ABBT0048258,Luscar Bigoray 04-24                ,0BP8,Obsidian Energy Ltd.                      ,53.4998016,-115.0550003,5,0,0,120,240,10,120
ABBT0048269,Cdn Forest 16-14                    ,A1JY,Fort Calgary Resources Ltd.               ,52.2719994,-111.0319977,5,0,0,120,240,10,120
ABBT0048300,Hcrl Little Horse 07-35             ,A1E3,Sabanero Energy Corp.                     ,55.7140999,-115.9000015,5,0,0,120,240,10,120
ABBT0048353,Place Charron 5-5                   ,A5M4,Manitok Energy Inc.                       ,55.0294991,-112.2649994,5,0,0,120,240,10,120
ABBT0048408,Dekalb Harmattan East 6-17          ,0TM9,NAL Resources Limited                     ,51.7422981,-114.2529984,5,0,0,120,240,10,120
ABBT0048415,Ncp Pcp Red Willow 10-03            ,A6L2,Canadian Oil & Gas International Inc.     ,52.3266983,-112.2210007,5,0,0,120,240,10,120
ABBT0048421,Samson Innisfail 11-10              ,A216,Enhance Energy Inc.                       ,51.9970016,-114.064003,5,0,0,120,240,10,120
ABBT0048425,Mobil Mcleod 6-5                    ,A5D4,Cenovus Energy Inc.                       ,53.8958015,-116.0479965,5,0,0,120,240,10,120
ABBT0048426,Cometra Et Al Woodriver 04-04       ,A663,Trident Exploration (Alberta) Corp.       ,52.6696014,-113.2900009,5,0,0,120,240,10,120
ABBT0048438,Stampeder Bigoray 11-35             ,0BP8,Obsidian Energy Ltd.                      ,53.3614998,-115.2109985,5,0,0,120,240,10,120
ABBT0048466,Lakewood Alderson 8-8               ,0R89,Signalta Resources Limited                ,50.5046005,-111.1989975,5,0,0,120,240,10,120
ABBT0048482,Itx Hays 15-33-12-15w4              ,A5M4,Manitok Energy Inc.                       ,50.0461006,-111.9919968,5,0,0,120,240,10,120
ABBT0048508,Cabre Provost 12-20-36              ,0YK4,Surge Energy Inc.                         ,52.1083984,-110.9779968,5,0,0,120,240,10,120
ABBT0048529,Surge Nevis 06-02-039-23w4 Swb - G  ,0YK4,Surge Energy Inc.                         ,52.3232002,-113.2109985,5,0,0,120,240,10,120
ABBT0048536,Gulf Westerose South 04-36          ,A5D4,Cenovus Energy Inc.                       ,52.8306999,-114.0230026,5,0,0,120,240,10,120
